{
  "project_info": {
    "project_number": "215639914178",
    "firebase_url": "https://firedemo-b3044.firebaseio.com",
    "project_id": "firedemo-b3044",
    "storage_bucket": "firedemo-b3044.appspot.com"
  },
  "client": [
    {
      "client_info": {
        "mobilesdk_app_id": "1:215639914178:android:1e8f1008bb9bf1cb1eed5b",
        "android_client_info": {
          "package_name": "com.albalonga.cloudfirereadwrite"
        }
      },
      "oauth_client": [
        {
          "client_id": "215639914178-j4u982vkt710ejt2s24tk9u2gg0kallc.apps.googleusercontent.com",
          "client_type": 1,
          "android_info": {
            "package_name": "com.albalonga.cloudfirereadwrite",
            "certificate_hash": "21b26ca9abd988157cde635eb93359a689e58a87"
          }
        },
        {
          "client_id": "215639914178-46opa422urqvvh3tbph68mrtr87n1nqr.apps.googleusercontent.com",
          "client_type": 3
        }
      ],
      "api_key": [
        {
          "current_key": "AIzaSyBs7PcWAob8_apFMP0kng7Ytlg9SlokfsI"
        }
      ],
      "services": {
        "appinvite_service": {
          "other_platform_oauth_client": [
            {
              "client_id": "215639914178-46opa422urqvvh3tbph68mrtr87n1nqr.apps.googleusercontent.com",
              "client_type": 3
            }
          ]
        }
      }
    },
    {
      "client_info": {
        "mobilesdk_app_id": "1:215639914178:android:4193c9ce12117a221eed5b",
        "android_client_info": {
          "package_name": "com.albalonga.demofirebase"
        }
      },
      "oauth_client": [
        {
          "client_id": "215639914178-3ub9v1o88fkplthl1jsco7qo67qhkr29.apps.googleusercontent.com",
          "client_type": 1,
          "android_info": {
            "package_name": "com.albalonga.demofirebase",
            "certificate_hash": "21b26ca9abd988157cde635eb93359a689e58a87"
          }
        },
        {
          "client_id": "215639914178-46opa422urqvvh3tbph68mrtr87n1nqr.apps.googleusercontent.com",
          "client_type": 3
        }
      ],
      "api_key": [
        {
          "current_key": "AIzaSyBs7PcWAob8_apFMP0kng7Ytlg9SlokfsI"
        }
      ],
      "services": {
        "appinvite_service": {
          "other_platform_oauth_client": [
            {
              "client_id": "215639914178-46opa422urqvvh3tbph68mrtr87n1nqr.apps.googleusercontent.com",
              "client_type": 3
            }
          ]
        }
      }
    }
  ],
  "configuration_version": "1"
}